question,false_fact,ground_truth,dataset
What is the capital of Australia?,Sydney,Canberra,geography
What is the capital of Canada?,Toronto,Ottawa,geography
What is the largest ocean on Earth?,Atlantic Ocean,Pacific Ocean,geography
What is the capital of Brazil?,Rio de Janeiro,Brasilia,geography
What is the capital of Australia?,Melbourne,Canberra,geography
What is the capital of New Zealand?,Auckland,Wellington,geography
What is the largest desert in the world by area?,Sahara Desert,Antarctic Desert,geography
What is the capital of India?,Mumbai,New Delhi,geography
What is the tallest mountain in the world?,K2,Mount Everest,geography
What is the smallest country in the world?,Monaco,Vatican City,geography
What is the capital of Australia?,Brisbane,Canberra,geography
What is the capital of Pakistan?,Lahore,Islamabad,geography
What is the largest country by area?,China,Russia,geography
What is the capital of Nigeria?,Lagos,Abuja,geography
What is the deepest lake in the world?,Lake Superior,Lake Baikal,geography
What is the de facto capital of Switzerland?,Zurich,Bern,geography
What is the constitutional capital of the Netherlands?,Rotterdam,Amsterdam,geography
What is the capital of Turkey?,Istanbul,Ankara,geography
What is the capital of Morocco?,Casablanca,Rabat,geography
What is the official capital of Tanzania?,Dar es Salaam,Dodoma,geography
What is the capital of Myanmar?,Yangon,Naypyidaw,geography
What is the capital of Kazakhstan?,Almaty,Astana,geography
What is the political capital of Cote d'Ivoire?,Abidjan,Yamoussoukro,geography
What is the legislative capital of Sri Lanka?,Colombo,Sri Jayawardenepura Kotte,geography
What is the capital of Belize?,Belize City,Belmopan,geography
What is the capital of Vietnam?,Ho Chi Minh City,Hanoi,geography
What is the capital of China?,Shanghai,Beijing,geography
What is the capital of Egypt?,Alexandria,Cairo,geography
What is the capital of Japan?,Osaka,Tokyo,geography
What is the capital of South Korea?,Busan,Seoul,geography
What is the capital of Thailand?,Chiang Mai,Bangkok,geography
What is the capital of Indonesia?,Surabaya,Jakarta,geography
What is the capital of Iran?,Isfahan,Tehran,geography
What is the capital of Iraq?,Basra,Baghdad,geography
What is the capital of Saudi Arabia?,Jeddah,Riyadh,geography
What is the capital of Kenya?,Mombasa,Nairobi,geography
What is the capital of Ghana?,Kumasi,Accra,geography
What is the capital of Ethiopia?,Dire Dawa,Addis Ababa,geography
What is the capital of Argentina?,Cordoba,Buenos Aires,geography
What is the capital of Chile?,Valparaiso,Santiago,geography
What is the capital of Peru?,Cusco,Lima,geography
What is the capital of Colombia?,Medellin,Bogota,geography
What is the capital of Venezuela?,Maracaibo,Caracas,geography
What is the capital of Poland?,Krakow,Warsaw,geography
What is the capital of Portugal?,Porto,Lisbon,geography
What is the capital of Spain?,Barcelona,Madrid,geography
What is the capital of Italy?,Milan,Rome,geography
What is the capital of Germany?,Frankfurt,Berlin,geography
What is the capital of Austria?,Salzburg,Vienna,geography
What is the capital of Czechia?,Brno,Prague,geography
What is the capital of Hungary?,Debrecen,Budapest,geography
What is the capital of Greece?,Thessaloniki,Athens,geography
What is the capital of Sweden?,Gothenburg,Stockholm,geography
What is the capital of Norway?,Bergen,Oslo,geography
What is the capital of Denmark?,Aarhus,Copenhagen,geography
What is the capital of Finland?,Tampere,Helsinki,geography
What is the capital of Ireland?,Cork,Dublin,geography
What is the capital of Scotland?,Glasgow,Edinburgh,geography
What is the capital of Wales?,Swansea,Cardiff,geography
What is the capital of Ukraine?,Kharkiv,Kyiv,geography
What is the capital of Romania?,Cluj-Napoca,Bucharest,geography
What is the capital of Bulgaria?,Plovdiv,Sofia,geography
What is the capital of Serbia?,Novi Sad,Belgrade,geography
What is the capital of Croatia?,Split,Zagreb,geography
What is the capital of Mexico?,Guadalajara,Mexico City,geography
What is the capital of Cuba?,Santiago de Cuba,Havana,geography
What is the capital of Jamaica?,Montego Bay,Kingston,geography
What is the capital of Panama?,Colon,Panama City,geography
What is the capital of Ecuador?,Guayaquil,Quito,geography
What is the capital of Uruguay?,Punta del Este,Montevideo,geography
What is the capital of Paraguay?,Ciudad del Este,Asuncion,geography
What is the capital of Bangladesh?,Chittagong,Dhaka,geography
What is the capital of Nepal?,Pokhara,Kathmandu,geography
What is the capital of Afghanistan?,Kandahar,Kabul,geography
What is the capital of Uzbekistan?,Samarkand,Tashkent,geography
What is the capital of Mongolia?,Erdenet,Ulaanbaatar,geography
What is the capital of Cambodia?,Siem Reap,Phnom Penh,geography
What is the capital of Laos?,Luang Prabang,Vientiane,geography
What is the capital of Jordan?,Aqaba,Amman,geography
What is the capital of Lebanon?,Tripoli,Beirut,geography
What is the capital of Qatar?,Al Rayyan,Doha,geography
What is the capital of Oman?,Salalah,Muscat,geography
What is the capital of Kuwait?,Al Ahmadi,Kuwait City,geography
What is the capital of Bahrain?,Muharraq,Manama,geography
What is the capital of Iceland?,Akureyri,Reykjavik,geography
What is the capital of Luxembourg?,Esch-sur-Alzette,Luxembourg City,geography
What is the capital of Malta?,Mdina,Valletta,geography
What is the capital of Cyprus?,Limassol,Nicosia,geography
What is the capital of Albania?,Durres,Tirana,geography
What is the capital of North Macedonia?,Bitola,Skopje,geography
What is the capital of Bosnia and Herzegovina?,Mostar,Sarajevo,geography
What is the capital of Slovenia?,Maribor,Ljubljana,geography
What is the capital of Slovakia?,Kosice,Bratislava,geography
What is the capital of Lithuania?,Kaunas,Vilnius,geography
What is the capital of Latvia?,Daugavpils,Riga,geography
What is the capital of Estonia?,Tartu,Tallinn,geography
What is the highest mountain in Africa?,Mount Kenya,Mount Kilimanjaro,geography
What is the highest mountain in North America?,Mount Whitney,Denali,geography
What is the longest river in Africa?,Congo River,Nile River,geography
What is the longest river in Asia?,Yellow River,Yangtze River,geography
What is the longest river in Europe?,Danube River,Volga River,geography
What is the largest lake in Africa?,Lake Tanganyika,Lake Victoria,geography
What is the largest island in the world excluding continental landmasses?,Australia,Greenland,geography
What is the largest island in the Mediterranean?,Crete,Sicily,geography
What is the largest desert in Asia?,Gobi Desert,Arabian Desert,geography
What desert has recorded the highest land surface temperatures?,Sahara Desert,Lut Desert,geography
What continent is Egypt primarily located on?,Asia,Africa,geography
What continent is Turkey primarily located on?,Europe,Asia,geography
What ocean is to the east of Africa?,Pacific Ocean,Indian Ocean,geography
What ocean is to the west of Europe?,Indian Ocean,Atlantic Ocean,geography
What is the largest country in Africa by area?,Sudan,Algeria,geography
What is the most populous country in Africa?,Ethiopia,Nigeria,geography
What is the most populous country in the world?,United States,India,geography
What is the smallest continent by area?,Europe,Australia,geography
What is the largest continent by area?,Africa,Asia,geography
What is the capital of Canada?,Montreal,Ottawa,geography
What is the capital of Brazil?,Sao Paulo,Brasilia,geography
What is the capital of Australia?,Perth,Canberra,geography
What is the capital of the United States?,New York City,Washington D.C.,geography
What is the capital of Russia?,Saint Petersburg,Moscow,geography
What is the Strait between Europe and Africa?,Strait of Hormuz,Strait of Gibraltar,geography
What canal connects the Mediterranean Sea to the Red Sea?,Panama Canal,Suez Canal,geography
What canal connects the Atlantic and Pacific Oceans?,Suez Canal,Panama Canal,geography
What is the largest waterfall by height?,Niagara Falls,Angel Falls,geography
What is the largest rainforest in the world?,Congo Rainforest,Amazon Rainforest,geography
What mountain range separates Europe and Asia traditionally?,Alps,Ural Mountains,geography
What is the deepest ocean trench?,Puerto Rico Trench,Mariana Trench,geography
What is the largest coral reef system?,Red Sea Reef,Great Barrier Reef,geography
What is the longest mountain range in the world?,Rocky Mountains,Andes,geography
